sample_id,x1,x2,x3,x4,x5,x6,x7,x8,y1,y2,y3,y4,y5,y6,y7,y8,z1,z2,z3,z4,z5,z6,z7,z8,t1,t2,t3,t4,t5,t6,t7,t8,output1,output2,output3,output4,output5,output6,output7,output8,result1,result2,result3,result4,result5,result6,result7,result8
0,48.17159337,23.35810134,-27.35218479,47.41292663,34.43387179,-28.77139943,-7.99047381,32.91128954,49.55625349,-48.72219443,19.75383845,19.24210863,-39.38485573,-6.64681499,7.29894582,6.9483619,1.74534526,1.62325597,1.8063514,1.71688768,1.55958227,0.58238735,97.05956104,88.89465839,5.459999999999926,5.149999999999933,3.3299999999999716,3.2999999999999723,3.2999999999999723,3.3299999999999716,5.149999999999933,5.459999999999926,5.119999999999926,4.809999999999933,2.2199999999999713,2.6999999999999726,2.709999999999973,2.2199999999999713,4.7899999999999325,4.839999999999926,88.91351776036495,88.91494484445543,99.9546856479908,99.41301127377007,99.31348979083852,99.95489862323113,91.08276411214369,99.31620695213739
1,47.82474267,25.25814333,-28.82326595,46.69630869,33.39737576,-29.67018939,-24.51028764,18.18461187,47.9613477,-45.48619957,22.32474228,17.95181773,-36.53967199,-8.78161931,16.70105383,15.01139788,1.74534526,1.62325597,1.8063514,1.71688768,1.55958227,0.58238735,97.05956104,88.89465839,5.479999999999926,4.869999999999939,3.319999999999972,3.2999999999999723,3.2999999999999723,3.319999999999972,4.869999999999939,5.479999999999926,5.139999999999926,4.529999999999939,2.369999999999972,2.6999999999999726,2.6599999999999726,2.4399999999999715,4.529999999999938,4.8699999999999255,88.91475643300943,88.91659046353274,99.92755562928023,99.40847979251797,99.56161597481817,99.9040154351551,89.20503366016813,99.31733043513972
2,47.47789229,27.15807176,-30.2943078,45.97985673,32.36118319,-30.5689605,-41.03010146,3.45793419,46.36644333,-42.2503981,24.89557742,16.66182566,-33.69532126,-10.91637888,26.10316184,23.07443386,1.74534526,1.62325597,1.8063514,1.71688768,1.55958227,0.58238735,97.05956104,88.89465839,5.339999999999929,4.629999999999944,3.309999999999972,3.2999999999999723,3.2999999999999723,3.309999999999972,4.629999999999944,5.339999999999929,4.999999999999929,4.289999999999944,2.4699999999999727,2.789999999999972,2.6099999999999723,2.5799999999999725,4.289999999999944,4.739999999999929,88.91467997064156,88.91970026891607,99.88545874312629,98.6309458813093,99.7232156807398,99.7932393698555,88.92013410031609,99.20895546447987
3,47.13104223,29.05785503,-31.76529407,45.26360569,31.32541466,-31.46770372,-45.9101719,-11.26874348,44.77154046,-39.01484387,27.46631541,15.37219537,-30.85213452,-13.05107219,28.88061138,31.13746984,1.74534526,1.62325597,1.8063514,1.71688768,1.55958227,0.58238735,97.05956104,88.89465839,5.109999999999934,4.569999999999945,3.309999999999972,3.309999999999972,3.309999999999972,3.309999999999972,4.569999999999945,5.109999999999934,4.769999999999934,4.229999999999945,2.559999999999972,2.839999999999972,2.5299999999999723,2.679999999999972,4.229999999999945,4.549999999999934,88.91462689903436,88.91439189269032,99.80636869880422,97.65441336955342,99.83920131756243,99.54777499520074,88.91441956814104,98.87279802845073
4,46.78419252,30.95744863,-33.236198,44.54760106,30.290264,-32.36640309,-35.9224851,-15.49074891,43.17663917,-35.77961267,30.03690952,14.08300874,-28.01064382,-15.18566134,13.66257139,33.4490694,1.74534526,1.62325597,1.8063514,1.71688768,1.55958227,0.58238735,97.05956104,88.89465839,5.049999999999935,4.81999999999994,3.2999999999999723,3.309999999999972,3.309999999999972,3.2999999999999723,4.81999999999994,5.049999999999935,4.709999999999935,4.47999999999994,2.629999999999973,2.7599999999999723,2.449999999999972,2.689999999999973,4.47999999999994,4.509999999999936,88.91297016057023,88.91464162487004,99.66351358187896,98.96072750106129,99.8953618937869,99.48465524219424,88.91465229763129,98.59350646619511
5,46.43734317,32.85678782,-34.70697255,43.83190309,29.25606348,-33.26502769,-26.67578185,-14.86009972,41.58173957,-32.54481474,32.6072775,12.79437425,-25.17176128,-17.32007291,-0.42644668,14.42594723,1.74534526,1.62325597,1.8063514,1.71688768,1.55958227,0.58238735,97.05956104,88.89465839,4.969999999999937,5.079999999999934,3.2999999999999723,3.309999999999972,3.309999999999972,3.2999999999999723,5.079999999999934,4.969999999999937,4.629999999999937,4.7399999999999345,2.689999999999973,2.609999999999973,2.3899999999999717,2.659999999999973,4.7399999999999345,4.469999999999937,88.91395426775873,88.9137321485261,99.4513139076642,99.72495149182944,99.91973045802656,99.56338460506952,88.91391849925408,98.09347839955517
6,46.09049421,34.75577471,-36.17752652,43.11659332,28.22343292,-34.16350889,-35.77783673,-14.22945052,39.98684175,-29.31061683,35.17726,11.50643875,-22.33718828,-19.45414389,-3.14366481,-4.59717494,1.74534526,1.62325597,1.8063514,1.71688768,1.55958227,0.58238735,97.05956104,88.89465839,4.81999999999994,4.949999999999937,3.2999999999999723,3.309999999999972,3.309999999999972,3.2999999999999723,4.949999999999937,4.81999999999994,4.47999999999994,4.609999999999937,2.7699999999999725,2.5699999999999723,2.3099999999999716,2.679999999999973,4.609999999999936,4.35999999999994,88.91297182309053,88.91402899915377,98.83405549028996,99.7861094401255,99.94114741580272,99.50705024571988,88.91517991113827,97.36877304526212
7,45.74364566,36.65425397,-37.64765765,42.40178486,27.19367073,-35.06165891,-41.93336552,-13.59880133,38.39194583,-26.07728348,37.74650353,10.21940585,-19.51048896,-21.58742823,-4.98126243,-23.62029712,1.74534526,1.62325597,1.8063514,1.71688768,1.55958227,0.58238735,97.05956104,88.89465839,4.6499999999999435,4.849999999999939,3.2999999999999723,3.319999999999972,3.319999999999972,3.2999999999999723,4.849999999999939,4.6499999999999435,4.309999999999944,4.509999999999939,2.8399999999999723,2.519999999999972,2.209999999999972,2.6999999999999726,4.5099999999999385,4.219999999999944,88.91394857015969,88.91385586406841,97.80652358931393,99.85775635602835,99.95540825416288,99.40822877961538,88.92213899132257,96.16167569205804
8,45.39679756,38.55196365,-39.11681306,41.68763908,26.16999962,-35.95873068,-23.64570528,-13.12606659,36.79705192,-22.84526082,40.31404187,8.93356614,-16.70050966,-23.71815152,-3.49819323,-37.88003241,1.74534526,1.62325597,1.8063514,1.71688768,1.55958227,0.58238735,97.05956104,88.89465839,4.529999999999946,5.129999999999933,3.2999999999999723,3.3299999999999716,3.3299999999999716,3.2999999999999723,5.129999999999933,4.529999999999946,4.189999999999945,4.789999999999933,2.8499999999999726,2.3499999999999712,2.139999999999972,2.699999999999973,4.789999999999932,4.1299999999999475,88.93553123772395,88.91464215037917,97.51784758786596,99.93878425835366,99.9607559408823,99.40556803958813,89.12220178507684,94.41023961796844
9,45.04994992,40.44842546,-40.58280109,40.97439433,25.16291218,-36.584405,-5.35804504,-5.76991225,35.20216018,-19.61536341,42.87604481,7.64934875,-13.93605256,-25.20425207,-2.01512402,-28.4161713,1.74534526,1.62325597,1.8063514,1.71688768,1.55958227,0.58238735,97.05956104,88.89465839,4.719999999999942,5.479999999999926,3.2999999999999723,3.3399999999999714,3.3399999999999714,3.2999999999999723,5.479999999999926,4.719999999999942,4.379999999999941,5.139999999999926,2.8299999999999725,2.3099999999999716,2.0999999999999717,2.7099999999999724,5.129999999999925,4.309999999999941,89.07910686638023,88.91421860303561,98.04414716034577,99.94734227099353,99.96266176406185,99.39292127145728,90.20072948851254,95.45126874510933
10,44.70310278,42.34266587,-41.61018151,40.26241734,24.22842932,-35.42120789,11.01005165,1.58624209,33.60727073,-16.38924932,44.67152444,6.36741399,-11.37089519,-25.16713631,-0.68772511,-18.95231019,1.74534526,1.62325597,1.8063514,1.71688768,1.55958227,0.58238735,97.05956104,88.89465839,4.949999999999937,5.849999999999918,3.2999999999999723,3.369999999999971,3.369999999999971,3.2999999999999723,5.849999999999918,4.949999999999937,4.599999999999937,5.509999999999918,2.8099999999999725,2.2799999999999705,2.089999999999971,2.6999999999999726,5.489999999999918,4.509999999999936,89.65694090705905,88.91453668211001,98.32548075936064,99.95195922266947,99.96332364229178,99.41797303656149,91.90405078994023,96.59607611505008
11,44.35625617,44.23236452,-40.57401843,39.5523017,24.09319942,-34.25801256,7.26762255,8.10724256,32.01238373,-13.17087038,41.3164331,5.08883066,-10.99968884,-25.13002061,-3.08858763,-10.56289366,1.74534526,1.62325597,1.8063514,1.71688768,1.55958227,0.58238735,97.05956104,88.89465839,5.199999999999932,5.75999999999992,3.2999999999999723,3.3799999999999706,3.3799999999999706,3.2999999999999723,5.75999999999992,5.199999999999932,4.859999999999932,5.41999999999992,2.789999999999973,2.25999999999997,2.0799999999999708,2.689999999999973,5.3999999999999195,4.729999999999932,88.91422374370035,88.91395409503974,98.61481393464541,99.95515387292751,99.96377354804113,99.46183373013558,90.94953387151735,97.4874956324851
12,44.00941014,46.11040866,-39.53808265,38.84507128,21.89368435,-33.09481915,-1.79297073,-5.2909706,30.41749937,-9.97234043,37.9620778,3.81544225,-11.2457848,-25.09290496,8.3560004,-1.22206587,1.74534526,1.62325597,1.8063514,1.71688768,1.55958227,0.58238735,97.05956104,88.89465839,5.139999999999933,5.429999999999927,3.2999999999999723,3.3799999999999706,3.3799999999999706,3.2999999999999723,5.429999999999927,5.139999999999933,4.799999999999933,5.089999999999927,2.789999999999973,2.229999999999971,2.06999999999997,2.7099999999999724,5.079999999999927,4.689999999999933,88.91454111050075,88.91223658490722,98.58659569243773,99.95692576154846,99.9640558987862,99.37637558111209,89.87165470318288,96.93380150604744
13,43.66256472,47.94185494,-38.50245458,38.14264241,19.69422106,-31.93162781,-10.85356401,-18.68918376,28.82261783,-6.85317212,34.60871884,2.55069916,-11.49187498,-25.05578939,19.80058844,8.11876193,1.74534526,1.62325597,1.8063514,1.71688768,1.55958227,0.58238735,97.05956104,88.89465839,4.989999999999936,5.139999999999933,3.2999999999999723,3.369999999999971,3.369999999999971,3.2999999999999723,5.139999999999933,4.989999999999936,4.649999999999936,4.799999999999933,2.799999999999972,2.219999999999971,2.0599999999999707,2.739999999999973,4.799999999999932,4.5699999999999354,88.91349787600255,88.91424082006866,98.51524059957389,99.95808893314128,99.96416714917731,99.17613510923393,89.1363430583813,95.91946806200212
14,43.31571996,48.51356484,-37.46725741,37.44901011,17.49481672,-30.7684387,-19.91415729,-22.16820866,27.22773932,-5.87948296,31.25675512,1.30179453,-11.73795855,-25.01867388,31.24517647,10.54423255,1.74534526,1.62325597,1.8063514,1.71688768,1.55958227,0.58238735,97.05956104,88.89465839,4.959999999999937,4.899999999999938,3.2999999999999723,3.369999999999971,3.369999999999971,3.2999999999999723,4.899999999999938,4.959999999999937,4.619999999999937,4.559999999999938,2.799999999999972,2.23999999999997,2.169999999999972,2.7699999999999725,4.559999999999937,4.539999999999936,88.91389361808157,88.91306947441737,98.57478391901763,99.95642438675793,99.96011132463963,98.8991071425547,88.99306418013116,95.62604811768223
15,42.9688759,44.59172976,-36.43268986,36.77380136,15.29547983,-29.60525203,-25.27683119,-9.51603044,25.63286406,-6.28372042,27.90683012,0.08606206,-11.98403458,-24.98155845,38.01886022,14.9852114,1.74534526,1.62325597,1.8063514,1.71688768,1.55958227,0.58238735,97.05956104,88.89465839,5.249999999999931,4.82999999999994,3.2999999999999723,3.359999999999971,3.359999999999971,3.2999999999999723,4.82999999999994,5.249999999999931,4.909999999999931,4.48999999999994,2.769999999999973,2.3099999999999707,2.399999999999971,2.749999999999973,4.489999999999939,4.78999999999993,88.91457816766287,88.91296694165808,98.87047517435639,99.94878991174562,99.92858411950432,99.10578522628873,88.91411397377436,97.2522943617889
16,42.62203262,40.66995462,-35.39909408,36.14500418,13.09622063,-28.44206798,-11.03983858,3.13614777,24.03799231,-6.68795171,24.5600517,-1.04610509,-12.23010192,-24.94444311,40.54161151,19.42619026,1.74534526,1.62325597,1.8063514,1.71688768,1.55958227,0.58238735,97.05956104,88.89465839,5.609999999999923,5.039999999999935,3.2999999999999723,3.3499999999999712,3.3499999999999712,3.2999999999999723,5.039999999999935,5.609999999999923,5.269999999999923,4.6999999999999345,2.759999999999973,2.379999999999971,2.489999999999971,2.669999999999973,4.699999999999935,5.099999999999923,88.91330198701948,88.91790864813206,99.03461338612475,99.93523095144353,99.8910663486364,99.52454101444546,88.91455951010093,98.25673543033146
17,42.27519015,36.74824924,-34.36711201,35.6569461,10.89705155,-27.2788868,3.19715403,15.78832599,22.44312436,-7.0921758,21.21849846,-1.9248675,-12.47615918,-24.90732786,43.0643628,23.86716911,1.74534526,1.62325597,1.8063514,1.71688768,1.55958227,0.58238735,97.05956104,88.89465839,6.029999999999914,5.229999999999931,3.2999999999999723,3.3399999999999714,3.3399999999999714,3.2999999999999723,5.229999999999931,6.029999999999914,5.689999999999914,4.8899999999999295,2.7499999999999734,2.439999999999971,2.579999999999972,2.629999999999973,4.889999999999931,5.479999999999913,88.91416395154366,89.13167289732095,99.16198713105625,99.91820942838616,99.8116049455342,99.67072625585635,88.91334776107871,98.82992273576707
18,41.92834858,32.82662572,-33.3380995,35.49103914,8.69798779,-26.11570873,8.18131672,28.4405042,20.84826051,-7.49639146,17.88656065,-2.22358768,-12.72220465,-24.8702127,43.94754109,28.30814796,1.74534526,1.62325597,1.8063514,1.71688768,1.55958227,0.58238735,97.05956104,88.89465839,6.459999999999905,5.29999999999993,3.309999999999972,3.3299999999999716,3.3299999999999716,3.309999999999972,5.29999999999993,6.459999999999905,6.119999999999905,4.9299999999999295,2.759999999999973,2.519999999999972,2.509999999999972,2.6199999999999726,4.95999999999993,5.869999999999904,88.93128732519432,91.99664795184849,99.09315643589875,99.87333189894673,99.86944718853829,99.71253779289421,88.91307471346688,99.10278256345308
19,41.58150797,28.90509914,-32.31546428,35.48881537,6.49904821,-24.95253409,-4.75979083,34.63800637,19.25340111,-7.90059712,14.57527247,-2.22759164,-12.96823622,-24.83309766,43.31796112,30.48350272,1.74534526,1.62325597,1.8063514,1.71688768,1.55958227,0.58238735,97.05956104,88.89465839,6.559999999999903,5.209999999999932,3.309999999999972,3.3299999999999716,3.3299999999999716,3.309999999999972,5.209999999999932,6.559999999999903,6.209999999999902,4.819999999999931,2.7799999999999727,2.6299999999999715,2.3999999999999715,2.6399999999999717,4.869999999999932,5.979999999999903,89.32142822614935,93.75165526028776,98.94851022499654,99.74310492427404,99.92063361203417,99.67407676195825,88.92158051895984,99.04294099843159
20,41.23466842,24.98368849,-31.31054018,34.77332239,4.30025641,-23.78936318,-17.70089839,17.20302793,17.65854654,-8.30479083,11.32133284,-6.10216787,-13.21425126,-24.79598273,42.68838115,32.56301216,1.74534526,1.62325597,1.8063514,1.71688768,1.55958227,0.58238735,97.05956104,88.89465839,5.969999999999915,5.099999999999934,3.309999999999972,3.319999999999972,3.319999999999972,3.309999999999972,5.099999999999934,5.969999999999915,5.6299999999999155,4.759999999999933,2.7899999999999716,2.6999999999999726,2.3799999999999715,2.639999999999973,4.759999999999934,5.389999999999915,88.92221277292161,89.69527025998268,98.84869051390639,99.55636042058309,99.92650075772202,99.6527237749586,88.97119512427503,99.00416695270728
21,40.88783001,21.06241809,-30.38642052,34.0578415,2.10164239,-22.62619638,-30.64200594,-0.23195051,16.06369724,-8.70897009,8.32903759,-9.97667869,-13.46024642,-24.75886794,42.05880117,34.64252161,1.74534526,1.62325597,1.8063514,1.71688768,1.55958227,0.58238735,97.05956104,88.89465839,5.459999999999926,4.999999999999936,3.309999999999972,3.319999999999972,3.319999999999972,3.309999999999972,4.999999999999936,5.459999999999926,5.119999999999926,4.659999999999935,2.809999999999972,2.759999999999972,2.359999999999971,2.6599999999999726,4.6499999999999355,4.909999999999926,88.91465876877108,88.9128879116833,98.65921963205159,99.18355347849513,99.93491285082472,99.62021727936566,89.26949898829508,98.80503164293634
22,40.54099286,17.14131956,-30.29947962,33.34237806,-0.09675514,-21.46303413,-43.5831135,-17.66692894,14.46885369,-9.11313163,8.04752334,-13.85109495,-13.70621734,-24.72175329,41.4292212,36.72203106,1.74534526,1.62325597,1.8063514,1.71688768,1.55958227,0.58238735,97.05956104,88.89465839,5.059999999999935,4.879999999999939,3.309999999999972,3.319999999999972,3.319999999999972,3.309999999999972,4.879999999999939,5.059999999999935,4.719999999999935,4.539999999999939,2.849999999999972,2.8199999999999723,2.3499999999999717,2.6899999999999724,4.539999999999938,4.539999999999935,88.91466099134365,88.91196301769962,97.79847186813973,98.51768277583207,99.93572089323672,99.50885467861352,89.33191854217422,98.49312892351098
23,40.19415707,13.22043479,-26.87065948,32.62694123,-2.29488539,-20.29987689,-47.32952299,-34.89334542,12.87401644,-9.51727115,6.27013213,-17.72536716,-13.95215837,-24.6846388,41.2469598,38.77666484,1.74534526,1.62325597,1.8063514,1.71688768,1.55958227,0.58238735,97.05956104,88.89465839,4.749999999999941,4.879999999999939,3.319999999999972,3.319999999999972,3.319999999999972,3.319999999999972,4.879999999999939,4.749999999999941,4.4099999999999415,4.539999999999939,2.8799999999999724,2.879999999999972,2.3799999999999715,2.7299999999999724,4.539999999999938,4.2499999999999405,88.91461126095099,88.91210819927929,97.24607789719416,97.19681049979145,99.92866145115481,99.35640577523988,89.36002582548004,98.06074851153308
24,39.84732279,9.29982045,-23.44192512,31.91154781,-4.49268037,-19.13672522,-43.67565839,-34.07583543,11.27918611,-9.92138278,4.49278538,-21.59940422,-14.19806188,-24.64752449,33.4875776,30.1220972,1.74534526,1.62325597,1.8063514,1.71688768,1.55958227,0.58238735,97.05956104,88.89465839,4.79999999999994,5.069999999999935,3.319999999999972,3.309999999999972,3.309999999999972,3.319999999999972,5.069999999999935,4.79999999999994,4.4599999999999405,4.729999999999935,2.899999999999972,2.9199999999999724,2.4499999999999718,2.7699999999999725,4.719999999999933,4.26999999999994,88.91407896948623,88.91381066888036,96.59747053284858,95.06907653594227,99.90184194699754,99.11071296325274,89.51741140975574,98.66256937418831
25,39.50049016,5.3795552,-20.01329104,31.19623253,-6.69004692,-17.97357978,-40.02179379,-33.25832544,9.6843634,-10.32545843,2.71549062,-25.47301821,-14.44391746,-24.61041038,25.7281954,21.46752955,1.74534526,1.62325597,1.8063514,1.71688768,1.55958227,0.58238735,97.05956104,88.89465839,4.849999999999939,5.27999999999993,3.3299999999999716,3.309999999999972,3.309999999999972,3.3299999999999716,5.27999999999993,4.849999999999939,4.509999999999939,4.93999999999993,2.929999999999972,2.949999999999972,2.519999999999972,2.819999999999972,4.929999999999929,4.269999999999939,88.91314323897876,88.91307385421023,95.68560533226375,92.43184057705867,99.85885757625009,98.62614494373926,89.43853507204305,99.06510847553292
26,39.15365936,1.45975137,-16.5847752,30.48107995,-8.88685399,-16.81044128,-36.36792919,-32.44081544,8.0895491,-10.72948653,0.93825714,-29.34575111,-14.68971043,-24.57329649,17.9688132,12.81296191,1.74534526,1.62325597,1.8063514,1.71688768,1.55958227,0.58238735,97.05956104,88.89465839,4.879999999999939,5.519999999999925,3.3399999999999714,3.309999999999972,3.309999999999972,3.3399999999999714,5.519999999999925,4.879999999999939,4.539999999999939,5.179999999999925,2.959999999999972,2.9699999999999718,2.5699999999999723,2.8799999999999715,5.169999999999924,4.269999999999938,88.91464416722627,88.91340909594494,94.39169197772546,90.2164000948803,99.79836181489121,97.68457657898428,89.19965975603222,99.32245774173651
27,38.8068306,-2.45942481,-13.15640012,29.76636128,-11.08291116,-15.64731061,-32.71406458,-31.62330545,6.49474414,-11.13344993,-0.83890337,-33.21613427,-14.93541951,-24.53618285,10.209431,4.15839427,1.74534526,1.62325597,1.8063514,1.71688768,1.55958227,0.58238735,97.05956104,88.89465839,4.899999999999938,5.799999999999919,3.3499999999999712,3.309999999999972,3.309999999999972,3.3499999999999712,5.799999999999919,4.899999999999938,4.559999999999938,5.449999999999919,2.9799999999999716,2.9799999999999716,2.619999999999973,2.929999999999971,5.4499999999999185,4.259999999999938,88.92631192295406,88.91301908910782,93.03888694198797,89.17560792501935,99.71203373428182,96.4452296732379,88.98550469573193,99.47775521130907
28,38.46000409,-6.37771663,-9.72819443,29.0535928,-13.27793092,-14.48418876,-29.06019998,-30.80579546,4.89994957,-11.53732217,-2.61597607,-37.07595668,-15.18101251,-24.49906949,2.45004881,-4.49617338,1.74534526,1.62325597,1.8063514,1.71688768,1.55958227,0.58238735,97.05956104,88.89465839,4.909999999999938,6.119999999999912,3.359999999999971,3.309999999999972,3.309999999999972,3.359999999999971,6.119999999999912,4.909999999999938,4.569999999999937,5.7699999999999125,2.999999999999972,2.9799999999999716,2.669999999999973,2.939999999999972,5.769999999999912,4.249999999999937,89.92107764246869,88.91314022750248,92.3290421541413,88.96238631733124,99.58009663938051,96.25823839421727,88.91522596937006,99.5541656779963
29,38.11318011,-10.29470587,-6.30019506,28.9165881,-15.47145817,-13.32107695,-25.40633538,-29.98828547,3.30516661,-11.94106016,-4.39294182,-37.8178719,-15.42643852,-24.46195645,-5.30933339,-13.15074102,1.74534526,1.62325597,1.8063514,1.71688768,1.55958227,0.58238735,97.05956104,88.89465839,4.909999999999938,6.4799999999999045,3.369999999999971,3.2999999999999723,3.2999999999999723,3.369999999999971,6.4799999999999045,4.909999999999938,4.539999999999938,6.139999999999905,3.009999999999971,2.9799999999999716,2.7099999999999724,2.9099999999999704,6.139999999999905,4.2699999999999365,92.19662307592232,88.91443063059778,93.0129927767495,88.9522877905195,99.38561278850185,97.84448810679629,88.91448182892611,99.47571412527172
30,37.76635896,-14.20966279,-2.87245052,26.99859232,-17.66272823,-12.15797658,-21.75247078,-29.17077548,1.71039667,-12.34458866,-6.16977548,-36.78525916,-15.67161198,-24.42484377,-13.06871559,-21.80530867,1.74534526,1.62325597,1.8063514,1.71688768,1.55958227,0.58238735,97.05956104,88.89465839,4.889999999999938,6.849999999999897,3.3799999999999706,3.2999999999999723,3.2999999999999723,3.3799999999999706,6.849999999999897,4.889999999999938,4.519999999999938,6.509999999999897,2.9799999999999707,2.9799999999999716,2.7699999999999725,2.799999999999971,6.509999999999897,4.299999999999937,92.31665122714543,88.9147634103622,95.3391992584109,89.01391012458701,98.97629454932876,99.2691458136836,88.91476541300048,99.26176409177965
31,37.41954101,-18.12119238,0.55497419,25.08061927,-19.85035266,-10.99488936,-18.09860618,-28.35326549,0.11564141,-12.7477639,-7.94644335,-35.75265864,-15.91637754,-24.38773152,-20.82809779,-30.45987631,1.74534526,1.62325597,1.8063514,1.71688768,1.55958227,0.58238735,97.05956104,88.89465839,4.869999999999939,6.829999999999897,3.3799999999999706,3.2999999999999723,3.2999999999999723,3.3799999999999706,6.829999999999897,4.869999999999939,4.499999999999939,6.489999999999897,2.9299999999999704,2.9699999999999718,2.8199999999999728,2.669999999999971,6.489999999999897,4.309999999999939,92.21918263994017,88.91423721689759,97.62422935062732,89.22405903416195,98.21416554264367,99.76158973824913,88.91423721647097,98.87940920069126
32,37.07272667,-22.02626372,3.98198999,23.16267306,-22.03153242,-9.83181735,-14.72286128,-28.21414565,-1.47909722,-13.15027346,-9.72289925,-34.72007259,-16.16042204,-24.35061975,-27.9968623,-31.93266819,1.74534526,1.62325597,1.8063514,1.71688768,1.55958227,0.58238735,97.05956104,88.89465839,4.879999999999939,6.4799999999999045,3.3799999999999706,3.2999999999999723,3.2999999999999723,3.3799999999999706,6.4799999999999045,4.879999999999939,4.5099999999999385,6.139999999999905,2.849999999999971,2.9699999999999718,2.869999999999973,2.549999999999971,6.139999999999905,4.359999999999938,92.19647482863667,88.91352837008988,98.89698965717999,89.74926708400982,96.87371468413887,99.8862499366822,88.91352837002175,98.38313793514776
33,36.72591645,-25.91688994,7.40847137,21.2447589,-24.19971673,-8.66876307,-8.25772169,-14.66345985,-3.0738169,-13.55129412,-11.49907813,-33.68750379,-16.40301251,-24.31350855,-15.00011313,-36.32621499,1.74534526,1.62325597,1.8063514,1.71688768,1.55958227,0.58238735,97.05956104,88.89465839,5.079999999999934,6.429999999999906,3.3799999999999706,3.309999999999972,3.309999999999972,3.3799999999999706,6.429999999999906,5.079999999999934,4.719999999999934,6.089999999999906,2.7699999999999707,2.9599999999999724,2.909999999999972,2.559999999999971,6.089999999999906,4.569999999999934,91.49190785644792,88.91439400767747,99.42491103376392,91.15459831468021,95.10907773816903,99.87033315912201,88.91439276737299,98.34320446865306
34,36.37911095,-29.76387324,10.83423572,19.3268834,-26.33562712,-7.5057296,-1.79258211,-1.11277406,-4.66851488,-13.94781634,-13.27488532,-32.6549558,-16.64199198,-24.27639801,-2.00336396,-40.71976179,1.74534526,1.62325597,1.8063514,1.71688768,1.55958227,0.58238735,97.05956104,88.89465839,5.28999999999993,5.989999999999915,3.369999999999971,3.309999999999972,3.309999999999972,3.369999999999971,5.989999999999915,5.28999999999993,4.939999999999929,5.649999999999915,2.7099999999999707,2.9399999999999724,2.939999999999972,2.6899999999999715,5.649999999999915,4.78999999999993,89.90238329358294,88.91454419897869,99.62979295638566,93.5320560924446,93.01440098551643,99.69152913769355,88.91426270818084,98.04539201222269
35,36.03231089,-32.94515582,14.25900688,17.40905514,-28.3555808,-6.34272082,4.67255748,1.69685356,-6.26318782,-14.27572243,-15.05017767,-31.62243324,-16.86799746,-24.23928825,10.9933852,-41.630729,1.74534526,1.62325597,1.8063514,1.71688768,1.55958227,0.58238735,97.05956104,88.89465839,5.349999999999929,5.569999999999924,3.359999999999971,3.309999999999972,3.309999999999972,3.359999999999971,5.569999999999924,5.349999999999929,5.009999999999929,5.229999999999924,2.6999999999999713,2.899999999999973,2.959999999999972,2.819999999999971,5.229999999999924,4.899999999999928,88.99812719246945,88.91768532265867,99.64572075530442,95.80760748953236,90.84033137435907,98.9651953402685,88.91465169601027,96.92806247644579
36,35.68551716,-31.30088703,17.68234655,15.49128544,-29.19288545,-5.1797416,11.13769706,4.17231087,-7.8578317,-15.06816841,-16.82472798,-30.58994221,-16.96168051,-24.20217945,23.99013437,-30.20373812,1.74534526,1.62325597,1.8063514,1.71688768,1.55958227,0.58238735,97.05956104,88.89465839,5.639999999999922,5.27999999999993,3.3499999999999712,3.309999999999972,3.309999999999972,3.3499999999999712,5.27999999999993,5.639999999999922,5.2999999999999226,4.939999999999929,2.739999999999972,2.949999999999972,2.9699999999999718,2.8899999999999717,4.93999999999993,5.199999999999922,88.91477691596408,89.26678771769762,99.4644235161253,92.57346468431284,89.77920450771208,97.53983989651225,88.91394852055936,96.52167586564319
37,35.33873083,-29.65661882,21.1035157,13.57358953,-28.27540091,-4.01679819,17.60283665,6.64776818,-9.45244153,-15.86061412,-18.59815317,-29.55749092,-14.83529715,-24.16507178,36.98688353,-18.77674724,1.74534526,1.62325597,1.8063514,1.71688768,1.55958227,0.58238735,97.05956104,88.89465839,5.899999999999917,5.019999999999936,3.3399999999999714,3.309999999999972,3.309999999999972,3.3399999999999714,5.019999999999936,5.899999999999917,5.559999999999917,4.659999999999934,2.799999999999972,2.9799999999999716,2.9699999999999713,2.9099999999999717,4.679999999999936,5.469999999999916,88.91417863141199,92.05812217206874,98.92694570213634,88.91802875012766,89.7348811580298,96.66208861427783,88.91350311383188,95.90420097282126
38,34.99195324,-28.01235122,24.52116538,11.65598846,-27.35791666,-2.85389876,17.61290684,9.12322549,-11.04701118,-16.65305953,-20.36975397,-28.52509068,-12.70891448,-24.12796552,37.00712746,-7.34975636,1.74534526,1.62325597,1.8063514,1.71688768,1.55958227,0.58238735,97.05956104,88.89465839,6.039999999999914,5.029999999999935,3.3299999999999716,3.309999999999972,3.309999999999972,3.3299999999999716,5.029999999999935,6.039999999999914,5.699999999999914,4.659999999999934,2.889999999999972,2.9199999999999724,2.9699999999999718,2.8899999999999717,4.6899999999999356,5.6399999999999135,88.91537540508867,92.81962839926243,97.2086876662204,94.46644269144821,90.31558863753992,97.10734122990769,88.91441331671388,94.50117065295541
39,34.64518607,-26.36808429,27.93255302,9.73851205,-26.44043274,-1.69105414,5.19147168,11.59868281,-12.64153291,-17.44550462,-22.13810873,-27.49275755,-10.58253256,-24.090861,33.15230206,4.07723452,1.74534526,1.62325597,1.8063514,1.71688768,1.55958227,0.58238735,97.05956104,88.89465839,5.959999999999916,5.239999999999931,3.319999999999972,3.309999999999972,3.309999999999972,3.319999999999972,5.239999999999931,5.959999999999916,5.619999999999916,4.8899999999999295,2.959999999999972,2.789999999999972,2.9699999999999718,2.8499999999999717,4.899999999999931,5.589999999999915,88.91600624197609,90.19204554355944,92.92258308883345,98.79057799126554,90.1851259888464,97.9125087472804,88.91725572775738,92.26740166024918
40,34.29843147,-24.7238181,31.33116233,7.82120412,-25.52294918,-0.52827903,-1.78467113,14.07414012,-14.23599685,-18.23794936,-23.89983961,-26.46051513,-8.45615148,-24.05375871,30.98734994,15.5042254,1.74534526,1.62325597,1.8063514,1.71688768,1.55958227,0.58238735,97.05956104,88.89465839,5.719999999999921,5.359999999999928,3.319999999999972,3.309999999999972,3.309999999999972,3.319999999999972,5.359999999999928,5.719999999999921,5.379999999999921,5.019999999999928,2.9799999999999716,2.749999999999972,2.9799999999999716,2.799999999999972,5.009999999999928,5.36999999999992,88.91457586848462,88.94091381589776,89.33285813368342,99.1853477000626,89.07157447669888,98.78045491219915,89.43179529103858,90.31713749281192
41,33.9516922,-23.0795527,34.69720003,5.90413167,-24.60546602,0.6344061,-5.4521634,16.54959743,-15.83039027,-19.03039371,-25.64468641,-25.42839949,-6.32977133,-24.01665928,17.67705932,26.93121628,1.74534526,1.62325597,1.8063514,1.71688768,1.55958227,0.58238735,97.05956104,88.89465839,5.429999999999927,5.689999999999921,3.309999999999972,3.309999999999972,3.309999999999972,3.309999999999972,5.689999999999921,5.429999999999927,5.089999999999927,5.3499999999999215,2.979999999999972,2.7199999999999727,2.979999999999972,2.7399999999999722,5.31999999999992,5.089999999999926,88.95580763434465,88.91500274971725,88.91366908514749,99.39109836983174,88.91182806349178,99.26341751312255,92.09454062183534,89.67481814275298
42,33.60497193,-21.43528817,37.93679473,3.98740256,-23.68798331,1.79697188,-9.11965568,19.02505474,-17.42469636,-19.82283765,-27.32398918,-24.3964687,-4.20339222,-23.97956367,4.3667687,38.35820716,1.74534526,1.62325597,1.8063514,1.71688768,1.55958227,0.58238735,97.05956104,88.89465839,5.159999999999933,6.099999999999913,3.309999999999972,3.319999999999972,3.319999999999972,3.309999999999972,6.099999999999913,5.159999999999933,4.769999999999932,5.759999999999913,2.979999999999972,2.6899999999999724,2.9899999999999713,2.689999999999973,5.689999999999912,4.809999999999932,93.76334488559577,88.91800643832052,88.91467842189381,99.54369044520692,88.9142077875545,99.5070557747622,94.9671821847103,89.80132252989014
43,33.25827556,-19.79102459,39.01582871,2.07120209,-22.7705011,2.95937463,-12.78714795,19.9074996,-19.01889253,-20.61528112,-27.88332605,-23.36482251,-2.07701428,-23.94247325,-8.94352191,42.43167243,1.74534526,1.62325597,1.8063514,1.71688768,1.55958227,0.58238735,97.05956104,88.89465839,5.049999999999935,6.599999999999902,3.309999999999972,3.319999999999972,3.319999999999972,3.309999999999972,6.599999999999902,5.049999999999935,4.619999999999934,6.249999999999901,2.979999999999972,2.6499999999999724,2.989999999999972,2.6699999999999724,6.149999999999902,4.6999999999999345,96.04126696321488,88.95722187893604,88.91467616205104,99.67957525973782,88.91446109817592,99.60474886470794,96.56243242967909,89.50312119857024
44,32.91160986,-18.14676206,37.8990189,0.15587724,-21.85301946,4.12154644,-13.92039901,22.0411694,-20.61294769,-21.40772409,-26.30775207,-22.33364775,0.04936235,-23.90539021,-13.056387,23.00221351,1.74534526,1.62325597,1.8063514,1.71688768,1.55958227,0.58238735,97.05956104,88.89465839,5.459999999999926,6.769999999999898,3.309999999999972,3.319999999999972,3.319999999999972,3.309999999999972,6.769999999999898,5.459999999999926,5.049999999999925,6.4299999999998985,2.979999999999972,2.609999999999973,2.989999999999972,2.6099999999999732,6.339999999999898,5.119999999999926,95.26018369761012,89.17570753996098,88.91337672079797,99.76852391131355,88.91175473813747,99.74285856331704,96.11451647926921,88.96137918617558
45,32.5649844,-16.50250069,36.7822091,-1.75783969,-20.93553846,5.28337577,1.72481824,24.1748392,-22.20681781,-22.2001665,-24.73217811,-21.30333866,2.1757375,-23.86831809,-17.52774256,3.5727546,1.74534526,1.62325597,1.8063514,1.71688768,1.55958227,0.58238735,97.05956104,88.89465839,6.0099999999999145,6.389999999999906,3.319999999999972,3.3299999999999716,3.3299999999999716,3.319999999999972,6.389999999999906,6.0099999999999145,5.649999999999913,6.049999999999907,2.9899999999999713,2.549999999999972,2.999999999999971,2.5699999999999728,6.009999999999906,5.669999999999915,91.37769673147493,89.11921017751385,88.93763810496847,99.84157821588168,88.96184555820665,99.80755554441741,92.9844375131895,88.91341047755375
46,32.21841319,-14.8582406,35.66539932,-3.668102,-20.01805819,6.44466592,16.01874505,26.30850899,-23.80043843,-22.99260829,-23.15660418,-20.27488946,4.30211097,-23.83126318,-21.61290341,-15.85670431,1.74534526,1.62325597,1.8063514,1.71688768,1.55958227,0.58238735,97.05956104,88.89465839,6.7099999999999,5.979999999999915,3.319999999999972,3.3299999999999716,3.3299999999999716,3.319999999999972,5.979999999999915,6.7099999999999,6.359999999999899,5.619999999999914,2.9799999999999716,2.4899999999999727,2.9899999999999713,2.5499999999999723,5.629999999999914,6.3599999999999,88.9494601098129,90.71180980670663,90.34899009453856,99.8890997877168,90.5725923416509,99.82802405143735,89.69309209237571,88.9129735826467
47,31.87191761,-13.21398193,34.54858956,-5.56864598,-19.10057874,7.60503515,4.81320119,28.44217879,-25.39371133,-23.7850494,-21.58103027,-19.25167244,6.42848251,-23.79423765,-19.16025727,-35.28616323,1.74534526,1.62325597,1.8063514,1.71688768,1.55958227,0.58238735,97.05956104,88.89465839,6.6799999999999,6.399999999999906,3.3299999999999716,3.3299999999999716,3.3299999999999716,3.3299999999999716,6.399999999999906,6.6799999999999,6.319999999999899,6.039999999999906,2.9499999999999713,2.4599999999999715,2.9599999999999724,2.479999999999972,6.0599999999999055,6.3399999999999,91.20953655130745,90.98738141047306,94.37758664890076,99.90969248891626,93.68834049923011,99.89669395259551,89.03425029651135,88.91406308736161
48,31.52553187,-11.56972485,33.43177982,-7.42032092,-18.18310026,8.76363577,-6.39234266,28.75366386,-26.98647916,-24.57748974,-20.00545639,-18.25476558,8.55485183,-23.75726855,-16.70761113,-38.12258446,1.74534526,1.62325597,1.8063514,1.71688768,1.55958227,0.58238735,97.05956104,88.89465839,6.629999999999901,6.769999999999898,3.3399999999999714,3.3299999999999716,3.3299999999999716,3.3399999999999714,6.769999999999898,6.629999999999901,6.2399999999999,6.409999999999898,2.889999999999972,2.429999999999972,2.919999999999972,2.3899999999999717,6.429999999999898,6.2899999999999014,94.21793697784656,91.35836868708216,97.58161732590814,99.92184302912904,96.09084505729747,99.93314024738092,88.93345382587789,89.08290647672403
49,31.1793144,-9.92546955,32.3149701,-7.50847006,-17.26562288,9.91815316,-10.72716061,30.10423325,-28.57847325,-25.36992923,-18.42988253,-18.20730775,10.68121858,-23.72042975,-15.75881519,-25.70519019,1.74534526,1.62325597,1.8063514,1.71688768,1.55958227,0.58238735,97.05956104,88.89465839,7.049999999999892,6.7599999999998985,3.3499999999999712,3.3299999999999716,3.3299999999999716,3.3499999999999712,6.7599999999998985,7.049999999999892,6.659999999999892,6.379999999999898,2.839999999999971,2.4499999999999718,2.919999999999972,2.3699999999999712,6.419999999999898,6.679999999999892,93.85114877418539,92.96800435376386,98.70177953815416,99.91253989633701,96.16630083527828,99.93943912765785,88.93507549287293,91.82716144265235
50,30.83337365,-8.28121624,31.1981604,-4.6816519,-16.3481468,11.05952617,-0.30778689,31.45480264,-30.16919489,-26.16236776,-16.85430871,-16.16119288,12.80758233,-23.68401036,-16.84200528,-13.28779592,1.74534526,1.62325597,1.8063514,1.71688768,1.55958227,0.58238735,97.05956104,88.89465839,6.399999999999906,6.649999999999901,3.369999999999971,3.3299999999999716,3.3299999999999716,3.369999999999971,6.649999999999901,6.399999999999906,6.029999999999905,6.2999999999999,2.849999999999971,2.429999999999972,2.919999999999973,2.459999999999971,6.2999999999999,6.009999999999905,91.84207817352907,90.06155082511782,98.84088127138385,99.91794280729297,95.63281355341854,99.91817258934833,89.74299863415858,93.72448763931015
51,30.48793554,-6.63696519,30.08135072,-1.85487037,-15.43067224,11.85070791,10.11158684,32.80537203,-31.75760527,-26.95480519,-15.27873492,-14.11510451,14.93394255,-23.65876502,-17.92519537,-0.87040166,1.74534526,1.62325597,1.8063514,1.71688768,1.55958227,0.58238735,97.05956104,88.89465839,5.879999999999917,6.379999999999907,3.3799999999999706,3.319999999999972,3.319999999999972,3.3799999999999706,6.379999999999907,5.879999999999917,5.519999999999916,6.039999999999907,2.849999999999971,2.4499999999999726,2.9399999999999724,2.4899999999999713,6.019999999999906,5.479999999999917,91.02472693165478,88.97103842934916,98.91912070272653,99.90944500535694,94.79472120816213,99.91342349698367,91.34530956789813,94.12651571333876
52,30.14355756,-4.9927167,28.96454107,0.97186758,-14.51319949,11.81041271,20.53096056,34.15594142,-33.34114091,-27.7472414,-13.70316117,-12.06904769,17.06029858,-19.66985459,-19.00838547,11.54699261,1.74534526,1.62325597,1.8063514,1.71688768,1.55958227,0.58238735,97.05956104,88.89465839,5.459999999999926,6.099999999999913,3.40999999999997,3.319999999999972,3.319999999999972,3.40999999999997,6.099999999999913,5.459999999999926,5.109999999999925,5.759999999999913,2.92999999999997,2.5099999999999714,2.9699999999999727,2.5199999999999703,5.7299999999999125,5.059999999999926,90.67051514686221,88.91467729891843,98.15030438617237,99.87350686093923,91.5768920371008,99.9098441801435,92.65740937811103,94.79486323952663
53,29.80205171,-3.34847114,27.84773144,3.79855314,-13.59572891,11.77011751,30.95033428,35.50651081,-34.91146978,-28.53967619,-12.12758745,-10.0230288,19.18664956,-15.68094531,-20.09157556,23.96438688,1.74534526,1.62325597,1.8063514,1.71688768,1.55958227,0.58238735,97.05956104,88.89465839,5.129999999999933,5.839999999999918,3.449999999999969,3.319999999999972,3.319999999999972,3.449999999999969,5.839999999999918,5.129999999999933,4.779999999999932,5.499999999999918,3.0399999999999694,2.5499999999999723,2.9899999999999713,2.5799999999999694,5.4499999999999185,4.719999999999934,90.49797644481289,88.9136733437926,95.99551124082969,99.83243244513298,89.28758489580657,99.89992008102195,93.87842210334095,95.20247024590188
54,29.47346168,-1.70422894,26.73092185,6.62517494,-12.67826098,11.72982233,41.36970801,36.29959024,-36.42240848,-29.33210936,-10.55201378,-7.97705604,21.31299442,-11.69203747,-21.17476566,31.2561114,1.74534526,1.62325597,1.8063514,1.71688768,1.55958227,0.58238735,97.05956104,88.89465839,4.949999999999937,5.609999999999923,3.4899999999999682,3.319999999999972,3.319999999999972,3.4899999999999682,5.609999999999923,4.949999999999937,4.599999999999937,5.269999999999923,3.139999999999968,2.589999999999972,2.9899999999999713,2.6599999999999686,5.199999999999923,4.529999999999937,89.85422792408198,88.91447941013351,90.81074966913576,99.78808256200396,88.9137309169348,99.87591217962873,95.11877987661224,95.74043037362235
55,29.42340345,-0.05999063,25.61411229,9.4517181,-11.7607963,11.68952717,41.62251375,23.63060749,-36.65258869,-30.12454065,-8.97644016,-5.93114022,23.43933174,-7.70313151,-21.20104715,25.52118987,1.74534526,1.62325597,1.8063514,1.71688768,1.55958227,0.58238735,97.05956104,88.89465839,5.059999999999935,5.639999999999922,3.5199999999999676,3.309999999999972,3.309999999999972,3.5199999999999676,5.639999999999922,5.059999999999935,4.719999999999934,5.2999999999999226,3.1899999999999675,2.6199999999999726,2.979999999999972,2.7999999999999683,5.189999999999922,4.609999999999935,89.2309022141321,88.91471728405772,88.91467426063481,99.72820064321371,88.91220607398928,99.77588612236077,97.01678195824903,96.89685681632817
56,30.09956739,1.58424313,24.49730276,12.27816268,-10.8433357,11.64923203,39.92633479,10.96162475,-35.72965667,-30.91696976,-7.40086658,-3.88529575,25.56565961,-3.71422806,-7.34817045,19.78626835,1.74534526,1.62325597,1.8063514,1.71688768,1.55958227,0.58238735,97.05956104,88.89465839,5.139999999999933,5.579999999999924,3.549999999999967,3.309999999999972,3.309999999999972,3.549999999999967,5.579999999999924,5.139999999999933,4.799999999999932,5.239999999999924,3.2099999999999667,2.639999999999973,2.979999999999972,2.9499999999999673,5.0899999999999235,4.649999999999933,88.93449628420788,88.91448105784424,88.91262304119579,99.66910005459978,88.91368295151953,99.36498111071114,97.89738263066398,97.82019370489459
57,30.77569102,3.22847157,23.38049328,15.1044814,-9.92588029,11.60893693,38.23015584,-1.707358,-34.80677969,-31.7093963,-5.82529306,-1.83954237,27.69197545,0.27467196,6.50470624,14.05134682,1.74534526,1.62325597,1.8063514,1.71688768,1.55958227,0.58238735,97.05956104,88.89465839,5.139999999999933,5.409999999999927,3.549999999999967,3.309999999999972,3.309999999999972,3.549999999999967,5.409999999999927,5.139999999999933,4.799999999999933,5.0699999999999275,3.2199999999999664,2.649999999999973,2.979999999999972,3.109999999999967,4.919999999999927,4.629999999999933,88.91455709190038,88.91370863007123,88.98343823281417,99.62722449503923,88.91444528335636,97.29705216160596,98.01512991818856,98.29528561755384
58,31.45176829,4.87269367,22.26368384,17.93063592,-9.00843165,11.56864188,36.53397689,-14.37634075,-33.88396598,-32.50181978,-4.2497196,0.20609215,29.81827561,4.26356707,20.35758294,8.3164253,1.74534526,1.62325597,1.8063514,1.71688768,1.55958227,0.58238735,97.05956104,88.89465839,5.059999999999935,5.199999999999932,3.5299999999999674,3.309999999999972,3.309999999999972,3.5299999999999674,5.199999999999932,5.059999999999935,4.719999999999935,4.859999999999932,3.1399999999999677,2.669999999999973,2.9799999999999716,3.189999999999967,4.719999999999931,4.549999999999935,88.91487726417012,88.91467035585437,95.04672603311313,99.55359570138866,88.914913656587,91.07866329197687,97.66771983236076,98.35684439633032
59,32.12779192,6.51690819,21.14687444,20.75657058,-8.09099203,11.5283469,34.83779793,-18.27107734,-32.96122548,-33.29423961,-2.67414621,2.25156753,31.94455485,8.25245485,34.21045963,6.55337856,1.74534526,1.62325597,1.8063514,1.71688768,1.55958227,0.58238735,97.05956104,88.89465839,5.029999999999935,4.9799999999999365,3.499999999999968,3.309999999999972,3.309999999999972,3.499999999999968,4.9799999999999365,5.029999999999935,4.6899999999999356,4.639999999999937,2.9899999999999687,2.7199999999999718,2.9799999999999716,3.1699999999999675,4.5199999999999365,4.509999999999936,88.91273507464277,88.91404715650737,98.61356289271967,99.32768422125665,88.91459711530815,89.0895256097819,97.18366989499259,98.39301024531193
60,32.803753,8.16111351,20.0300651,23.58220141,-7.17356486,11.48805204,34.42911395,-9.94222199,-32.03857035,-34.08665501,-1.0985729,4.29682299,34.07080524,12.24133092,37.54822588,7.32173182,1.74534526,1.62325597,1.8063514,1.71688768,1.55958227,0.58238735,97.05956104,88.89465839,5.149999999999933,4.9299999999999375,3.459999999999969,3.309999999999972,3.309999999999972,3.459999999999969,4.9299999999999375,5.149999999999933,4.809999999999933,4.589999999999938,2.859999999999969,2.769999999999972,2.9799999999999716,3.1199999999999686,4.469999999999937,4.609999999999933,88.91459014543476,88.91474225360997,99.44954679671773,98.97601841704883,88.91434943434157,90.5624110902784,97.34457624026196,98.75397757292646
61,33.47964056,9.80530753,18.91325582,26.40739558,-6.2561555,11.44775739,18.57510037,-1.61336664,-31.11601559,-34.87906496,0.47700033,6.34176238,36.19701434,16.23018665,31.87541845,8.09008508,1.74534526,1.62325597,1.8063514,1.71688768,1.55958227,0.58238735,97.05956104,88.89465839,5.26999999999993,5.089999999999934,3.4299999999999695,3.309999999999972,3.309999999999972,3.4299999999999695,5.089999999999934,5.26999999999993,4.92999999999993,4.749999999999934,2.75999999999997,2.8099999999999725,2.9799999999999716,3.0299999999999696,4.589999999999934,4.69999999999993,88.9137818626164,88.91455666454982,99.66865592595097,98.35413207712797,88.9502157835496,95.46328158815436,98.22358055571591,99.07188432610955
62,34.15544087,11.44948744,17.79644661,29.2319299,-5.33877295,11.40746314,2.72108679,6.71548871,-30.19357992,-35.67146812,2.05257347,8.38622417,38.32316134,20.21900218,26.20261102,8.85843834,1.74534526,1.62325597,1.8063514,1.71688768,1.55958227,0.58238735,97.05956104,88.89465839,5.389999999999928,5.179999999999932,3.39999999999997,3.309999999999972,3.309999999999972,3.39999999999997,5.179999999999932,5.389999999999928,5.049999999999928,4.839999999999932,2.699999999999971,2.859999999999972,2.9699999999999718,2.90999999999997,4.639999999999932,4.779999999999927,88.91423214335829,88.91373644253831,99.71935559587392,97.3314549077942,89.46591123780291,98.20527543547564,98.75960526856397,99.33547085697722
63,34.83113659,13.09364944,16.67963747,32.05539877,-4.4214334,11.36716988,-13.13292679,15.04434406,-29.271287,-36.46386264,3.6281465,10.42991476,40.44920864,24.20772,20.52980358,9.6267916,1.74534526,1.62325597,1.8063514,1.71688768,1.55958227,0.58238735,97.05956104,88.89465839,5.499999999999925,5.179999999999932,3.369999999999971,3.309999999999972,3.309999999999972,3.369999999999971,5.179999999999932,5.499999999999925,5.1599999999999255,4.839999999999932,2.689999999999971,2.899999999999973,2.9599999999999715,2.8099999999999707,4.609999999999932,4.839999999999924,88.91449786565495,88.91421057221302,99.68616245655336,95.88430221390371,90.9337419030928,99.14472159776669,99.0435707355824,99.51921436558985
64,35.50670548,14.73778822,15.56282841,34.87698161,-3.50416938,11.3268802,-21.65803458,23.37319941,-28.34916721,-37.25624596,5.20371941,12.47224019,42.5750809,28.19608288,17.47939022,10.39514487,1.74534526,1.62325597,1.8063514,1.71688768,1.55958227,0.58238735,97.05956104,88.89465839,5.579999999999924,5.1199999999999335,3.3499999999999712,3.2999999999999723,3.2999999999999723,3.3499999999999712,5.1199999999999335,5.579999999999924,5.239999999999924,4.779999999999933,2.729999999999971,2.9299999999999726,2.939999999999973,2.729999999999971,4.519999999999934,4.899999999999923,88.9140216109356,88.91816610342339,99.49497630275307,94.07321179809267,93.06459526979248,99.49187096893047,99.25239330181532,99.61230633428315
65,36.18211849,16.38189611,14.44601945,37.69473856,-2.5870568,11.30679005,-11.5502182,30.97106303,-27.42726018,-38.04861441,6.77929219,14.51179636,44.7006022,30.18485133,6.4252271,11.0960627,1.74534526,1.62325597,1.8063514,1.71688768,1.55958227,0.58238735,97.05956104,88.89465839,5.629999999999923,5.3999999999999275,3.3499999999999712,3.2999999999999723,3.2999999999999723,3.3499999999999712,5.3999999999999275,5.629999999999923,5.289999999999923,5.059999999999927,2.7399999999999713,2.9399999999999724,2.919999999999973,2.6499999999999715,4.719999999999928,4.919999999999922,88.91435795837587,88.91475997439007,99.44279311981965,92.87794669361102,94.69915370809386,99.73019529651901,99.60596026134561,99.67848948599
66,36.85733703,18.02596173,13.3292106,40.50278924,-1.67032173,13.61733252,-1.44240183,22.10412601,-26.5056186,-38.84096248,8.35486482,16.54432691,46.82524858,31.02096205,-4.62893602,3.68086477,1.74534526,1.62325597,1.8063514,1.71688768,1.55958227,0.58238735,97.05956104,88.89465839,5.789999999999919,5.7299999999999205,3.359999999999971,3.2999999999999723,3.2999999999999723,3.359999999999971,5.7299999999999205,5.789999999999919,5.449999999999919,5.389999999999921,2.6899999999999715,2.939999999999973,2.919999999999973,2.559999999999971,5.009999999999922,5.059999999999921,88.91475909150132,88.91470135733009,99.67131630353254,92.8959758236503,94.74418185624472,99.84942935445522,99.68444264713312,99.7183155504866
67,37.53230865,19.66996726,12.21240187,43.27258541,-0.75503443,15.9278299,8.66541454,13.23718899,-25.58431404,-39.63328159,9.93043727,18.54916799,48.94653955,31.85705645,-15.68309914,-3.73433316,1.74534526,1.62325597,1.8063514,1.71688768,1.55958227,0.58238735,97.05956104,88.89465839,5.819999999999919,6.129999999999912,3.359999999999971,3.2999999999999723,3.2999999999999723,3.359999999999971,6.129999999999912,5.819999999999919,5.479999999999918,5.779999999999911,2.6299999999999715,2.939999999999973,2.919999999999973,2.479999999999971,5.379999999999913,5.109999999999919,88.91554876739818,88.91338997274009,99.78490909981923,92.88891993306997,94.41751153287514,99.90370643396416,99.72748584507703,99.67160834689057
68,38.20696029,21.3138833,11.09559328,44.2389833,-0.38086262,18.23827146,18.77323092,4.37025197,-24.66344625,-40.42555757,11.50600952,19.24866862,49.81372877,32.69313064,-26.73726226,-11.14953108,1.74534526,1.62325597,1.8063514,1.71688768,1.55958227,0.58238735,97.05956104,88.89465839,5.709999999999921,6.579999999999902,3.359999999999971,3.2999999999999723,3.2999999999999723,3.359999999999971,6.579999999999902,5.709999999999921,5.3599999999999195,6.2399999999999025,2.6099999999999715,2.939999999999973,2.929999999999973,2.4399999999999706,5.799999999999902,4.979999999999921,89.76578684180274,88.91716973865724,99.82011843980814,93.04584675211427,93.87166358308832,99.9222185686606,99.78523349750442,99.70516577036992
69,38.88118704,22.95765758,9.97878486,44.17687667,-2.16069365,20.54864277,28.88104729,-4.49668505,-23.7431584,-41.21776522,13.08158154,17.84394535,47.87986655,33.52917942,-37.79142538,-18.56472901,1.74534526,1.62325597,1.8063514,1.71688768,1.55958227,0.58238735,97.05956104,88.89465839,5.499999999999925,6.889999999999896,3.3499999999999712,3.2999999999999723,3.2999999999999723,3.3499999999999712,6.889999999999896,5.499999999999925,5.099999999999925,6.539999999999895,2.5999999999999717,2.939999999999973,2.9399999999999724,2.439999999999971,6.059999999999896,4.759999999999927,94.48413483475586,89.13051475290618,99.82512797246338,93.09640837500481,93.29593878044115,99.9197681631301,99.83544565224656,99.72497938262056
70,39.55483286,24.60118755,8.86197664,44.11477084,-3.9405043,22.858924,33.40025897,-13.36362206,-22.8236635,-42.00985514,14.65715328,16.43924038,45.94602647,34.3651956,-42.73374935,-25.97992694,1.74534526,1.62325597,1.8063514,1.71688768,1.55958227,0.58238735,97.05956104,88.89465839,5.2599999999999305,6.799999999999898,3.3499999999999712,3.2999999999999723,3.2999999999999723,3.3499999999999712,6.799999999999898,5.2599999999999305,4.84999999999993,6.449999999999897,2.5999999999999717,2.9399999999999724,2.9399999999999724,2.4799999999999716,5.949999999999898,4.58999999999993,95.37937792741005,89.52267752053349,99.81395870454942,93.29797899401538,93.09955736224161,99.90281848572519,99.84995861228744,99.58738263379975
71,40.22765532,26.24424145,7.74516864,44.05266588,-5.72029068,25.16908707,40.74763141,-22.23055908,-21.90529246,-42.80171562,16.2327247,15.03455499,44.01221278,35.20116902,-36.77684683,-33.39512487,1.74534526,1.62325597,1.8063514,1.71688768,1.55958227,0.58238735,97.05956104,88.89465839,5.039999999999935,6.509999999999904,3.3399999999999714,3.2999999999999723,3.2999999999999723,3.3399999999999714,6.509999999999904,5.039999999999935,4.619999999999934,6.169999999999903,2.609999999999972,2.9399999999999724,2.939999999999973,2.5499999999999714,5.679999999999904,4.459999999999934,95.34488865975085,89.42779637464862,99.78391185295179,93.42894004052393,93.27033398131512,99.85359367151193,99.8423942576472,99.08586242549075
72,40.899257,27.88616606,6.62836091,43.99056185,-7.50004782,27.4790909,43.09799676,-31.0974961,-20.98858772,-43.59303184,17.80829574,13.62989055,42.07843085,36.03708481,-34.87128163,-40.8103228,1.74534526,1.62325597,1.8063514,1.71688768,1.55958227,0.58238735,97.05956104,88.89465839,4.82999999999994,6.439999999999905,3.3299999999999716,3.2999999999999723,3.2999999999999723,3.3299999999999716,6.439999999999905,4.82999999999994,4.399999999999939,6.099999999999905,2.6299999999999724,2.9399999999999724,2.929999999999973,2.6399999999999726,5.579999999999906,4.29999999999994,95.87486718960349,89.54865227577076,99.73658561180295,93.34482422773578,93.71989456994544,99.72603064109637,99.85720160598507,98.55255005651165
73,41.56894018,29.52420843,5.51155352,43.92845881,-9.27976933,29.78887288,32.96869785,-39.96443312,-20.07450164,-44.38247704,19.38386631,12.22524858,40.14468763,36.87292033,-26.65900056,-48.22552073,1.74534526,1.62325597,1.8063514,1.71688768,1.55958227,0.58238735,97.05956104,88.89465839,4.6499999999999435,6.419999999999906,3.319999999999972,3.2999999999999723,3.2999999999999723,3.319999999999972,6.419999999999906,4.6499999999999435,4.209999999999943,6.079999999999906,2.6499999999999724,2.9399999999999724,2.919999999999973,2.7199999999999718,5.539999999999907,4.159999999999943,96.3005941195014,89.10734907345756,99.67943747918943,92.8300988469008,94.29948956656801,99.43741914380443,99.8716713929055,97.8248275531667
74,42.23536479,30.4908551,4.39474652,43.86635684,-11.0594468,32.09833279,22.83939893,-40.8879945,-19.16486336,-44.8483469,20.95943632,10.82063075,38.21099227,37.7086393,-18.44671949,-48.99787205,1.74534526,1.62325597,1.8063514,1.71688768,1.55958227,0.58238735,97.05956104,88.89465839,4.619999999999944,6.089999999999913,3.319999999999972,3.2999999999999723,3.2999999999999723,3.319999999999972,6.089999999999913,4.619999999999944,4.219999999999945,5.749999999999913,2.659999999999972,2.949999999999973,2.909999999999973,2.789999999999972,5.239999999999913,4.159999999999944,94.27016884434866,88.92508832725905,99.62477711759136,91.9885450610349,94.98639448260597,98.87409767410502,99.84893454565852,97.08251686726337
75,42.89562151,27.99205638,3.27794002,43.80425602,-12.83906894,34.40729954,12.71010002,-29.44448196,-18.26364394,-44.3742696,22.53500563,9.41603888,36.27735701,38.54417981,-10.23443841,-41.03894564,1.74534526,1.62325597,1.8063514,1.71688768,1.55958227,0.58238735,97.05956104,88.89465839,4.80999999999994,5.779999999999919,3.309999999999972,3.2999999999999723,3.2999999999999723,3.309999999999972,5.779999999999919,4.80999999999994,4.45999999999994,5.43999999999992,2.6699999999999724,2.959999999999972,2.8999999999999733,2.8399999999999723,5.019999999999919,4.349999999999939,89.74753177984081,88.91377278588311,99.57544725719347,91.14478203670248,95.58463393937795,97.95665180685276,99.76620846948359,97.24702664787752
76,43.54219186,25.49325801,2.16113414,43.74215644,-14.61862027,36.71545553,2.58080111,-24.10970686,-17.3811058,-43.90019237,24.11057406,8.01147501,34.34379871,39.37942694,-2.02215734,-37.3286266,1.74534526,1.62325597,1.8063514,1.71688768,1.55958227,0.58238735,97.05956104,88.89465839,4.899999999999938,5.509999999999925,3.309999999999972,3.2999999999999723,3.2999999999999723,3.309999999999972,5.509999999999925,4.899999999999938,4.5599999999999365,5.169999999999925,2.679999999999972,2.959999999999972,2.889999999999973,2.8799999999999724,4.849999999999924,4.439999999999937,88.94287252601939,88.91468451428818,99.52773809793919,90.50228949717287,96.06726962209572,96.74447952148103,99.53373004269447,97.21350726149555
77,44.15002985,22.99446006,1.04432906,43.68005819,-16.39807891,39.02213862,-7.54849781,-24.6044074,-16.5514355,-43.42611521,25.68614137,6.60694138,32.4103411,40.21414106,6.19012374,-23.32767178,1.74534526,1.62325597,1.8063514,1.71688768,1.55958227,0.58238735,97.05956104,88.89465839,4.9299999999999375,5.26999999999993,3.309999999999972,3.2999999999999723,3.2999999999999723,3.309999999999972,5.26999999999993,4.9299999999999375,4.589999999999938,4.92999999999993,2.6899999999999724,2.9699999999999718,2.879999999999973,2.909999999999972,4.63999999999993,4.479999999999937,88.91461446679386,88.91469653823563,99.49659428737672,90.15082610290254,96.47222107302058,95.49254255233708,99.3985274499857,96.81006932092585
78,44.60771114,20.4956626,-0.07247498,43.61796139,-18.17741299,41.32570981,-8.67861671,-25.09910795,-15.92672203,-42.95203815,27.2617072,5.20244046,30.47701884,41.0477291,7.10636228,-9.32671697,1.74534526,1.62325597,1.8063514,1.71688768,1.55958227,0.58238735,97.05956104,88.89465839,4.909999999999938,5.27999999999993,3.309999999999972,3.2999999999999723,3.2999999999999723,3.309999999999972,5.27999999999993,4.909999999999938,4.569999999999938,4.93999999999993,2.6899999999999724,2.969999999999972,2.869999999999973,2.9199999999999724,4.60999999999993,4.479999999999937,88.91427143771197,88.91366792140178,99.4678942379265,89.9850982707364,96.8153853975871,94.53140495666479,99.55250137291507,95.99644164215768
79,44.64541405,17.9968657,-1.18927761,43.55586615,-19.95657414,43.62078494,6.38443757,-25.59380849,-15.87525933,-42.47796119,28.83727105,3.79797503,28.54388448,41.87824268,-0.61620022,4.67423785,1.74534526,1.62325597,1.8063514,1.71688768,1.55958227,0.58238735,97.05956104,88.89465839,4.859999999999939,5.619999999999923,3.2999999999999723,3.2999999999999723,3.2999999999999723,3.2999999999999723,5.619999999999923,4.859999999999939,4.519999999999938,5.279999999999923,2.6999999999999726,2.9699999999999718,2.8599999999999723,2.929999999999972,4.809999999999923,4.449999999999938,88.9130255804046,88.91456052094465,99.44859663963854,90.05921433568417,97.24467918481227,94.01663981449538,99.82407514900777,94.89257684442485
80,43.08881332,15.49806947,-2.30607828,43.49377263,-21.73548529,45.87599317,21.44749184,-26.08850904,-15.78303253,-42.00388436,30.41283214,2.39354817,26.61102175,42.69432972,-8.33876271,18.67519267,1.74534526,1.62325597,1.8063514,1.71688768,1.55958227,0.58238735,97.05956104,88.89465839,4.7899999999999405,5.879999999999917,3.2999999999999723,3.2999999999999723,3.2999999999999723,3.2999999999999723,5.879999999999917,4.7899999999999405,4.44999999999994,5.539999999999917,2.699999999999972,2.9599999999999724,2.849999999999972,2.929999999999972,4.929999999999917,4.39999999999994,88.97967595267684,88.91383858638777,99.42276222615018,90.39358184864335,97.56452958321968,93.90705721976813,99.91185194712794,93.34769254721076
81,41.53223869,12.99927403,-3.42287612,43.43168096,-23.51401579,46.1622931,36.51054611,-26.58320958,-15.69080728,-41.52980768,31.98838923,0.98916334,24.67857262,42.79793242,-16.0613252,32.67614748,1.74534526,1.62325597,1.8063514,1.71688768,1.55958227,0.58238735,97.05956104,88.89465839,4.689999999999943,5.859999999999918,3.2999999999999723,3.2999999999999723,3.2999999999999723,3.2999999999999723,5.859999999999918,4.689999999999943,4.349999999999943,5.519999999999918,2.6999999999999726,2.959999999999972,2.8499999999999726,2.919999999999973,4.859999999999918,4.3299999999999415,88.94289804819775,88.91481061961599,99.44529761299484,90.82124674665299,97.56617760315547,94.54251275848331,99.92810347845334,91.44513420090455
82,39.97569278,10.50047954,-4.53966964,43.36959132,-25.29192526,44.48763203,44.82960923,-27.07791013,-15.59858372,-41.05573118,33.56394022,-0.41517558,22.74679825,40.89495146,-20.32636227,46.6771023,1.74534526,1.62325597,1.8063514,1.71688768,1.55958227,0.58238735,97.05956104,88.89465839,4.569999999999945,5.709999999999921,3.2999999999999723,3.2999999999999723,3.2999999999999723,3.2999999999999723,5.709999999999921,4.569999999999945,4.229999999999945,5.369999999999921,2.6999999999999726,2.959999999999972,2.859999999999973,2.899999999999973,4.7299999999999205,4.219999999999945,88.94868038262243,88.91546682246369,99.45104684163944,91.2624983190805,97.05394625236909,95.69182560836964,99.92314328697216,90.45843461733163
83,38.41917856,8.00168622,-5.65645606,43.3075039,-27.06871895,42.81297122,44.37923364,-27.17525303,-15.50636204,-40.58165491,35.13948119,-1.81946423,20.81623625,38.99197081,-4.11753106,49.43208942,1.74534526,1.62325597,1.8063514,1.71688768,1.55958227,0.58238735,97.05956104,88.89465839,4.559999999999945,5.419999999999927,3.2999999999999723,3.2999999999999723,3.2999999999999723,3.2999999999999723,5.419999999999927,4.559999999999945,4.219999999999946,5.079999999999927,2.7099999999999724,2.9499999999999718,2.8899999999999726,2.8699999999999726,4.529999999999927,4.209999999999945,88.92130816949754,88.914688230679,99.39665695109147,92.03021822569872,96.08302382869144,96.83759350180617,99.88736149711134,89.93311260327162
84,36.86269943,5.50289432,-6.77322964,43.24541892,-28.84319598,41.13831072,43.92885805,-9.43257191,-15.41414245,-40.1075789,36.71500407,-3.22369765,18.88819138,37.0889905,12.09130015,41.56860178,1.74534526,1.62325597,1.8063514,1.71688768,1.55958227,0.58238735,97.05956104,88.89465839,4.849999999999939,5.139999999999933,3.2999999999999723,3.2999999999999723,3.2999999999999723,3.2999999999999723,5.139999999999933,4.849999999999939,4.509999999999939,4.799999999999933,2.7399999999999722,2.9299999999999726,2.889999999999973,2.8399999999999723,4.349999999999934,4.499999999999939,88.9145025764396,88.91361681374167,99.16875014857617,93.32115976888336,95.86977606273065,97.73179032557856,99.80988158374966,90.47917202197516
85,35.3062593,3.00410421,-7.88997627,43.18333664,-30.61154565,39.46365055,43.47848246,8.31010922,-15.32192516,-39.63350323,38.29048891,-4.62787024,16.96680415,35.18601057,28.30013137,33.70511413,1.74534526,1.62325597,1.8063514,1.71688768,1.55958227,0.58238735,97.05956104,88.89465839,5.199999999999932,4.879999999999939,3.2999999999999723,3.2999999999999723,3.2999999999999723,3.2999999999999723,4.879999999999939,5.199999999999932,4.859999999999932,4.539999999999939,2.8099999999999725,2.9199999999999724,2.8999999999999724,2.7999999999999723,4.149999999999939,4.829999999999931,88.91296275001092,88.91345106579641,98.39980776143732,94.43172563882378,95.59030009957803,98.45978643658336,99.73173370642063,91.44435966581727
86,33.74986266,0.50531639,-9.00664978,43.12125733,-32.35327319,37.78899075,43.25641727,11.43227315,-15.22971045,-39.159428,39.86587059,-6.03197559,15.074343,33.28303106,36.29216564,32.32138315,1.74534526,1.62325597,1.8063514,1.71688768,1.55958227,0.58238735,97.05956104,88.89465839,5.27999999999993,4.769999999999941,3.2999999999999723,3.2999999999999723,3.2999999999999723,3.2999999999999723,4.769999999999941,5.27999999999993,4.92999999999993,4.429999999999941,2.8299999999999725,2.909999999999972,2.899999999999973,2.779999999999972,4.069999999999942,4.909999999999929,88.91196146531577,88.91685783534523,98.03177532421722,95.16309083644678,95.42847111360638,98.78400872077354,99.66982215551292,91.61416807086901
87,32.19351475,-1.99346846,-10.12297952,43.05918131,-32.73388841,36.11433138,41.08247141,26.72959013,-15.13749863,-38.68535333,41.4407673,-7.43600637,14.66078834,31.38005204,27.64147261,28.14941387,1.74534526,1.62325597,1.8063514,1.71688768,1.55958227,0.58238735,97.05956104,88.89465839,5.499999999999925,4.879999999999939,3.2999999999999723,3.2999999999999723,3.2999999999999723,3.2999999999999723,4.879999999999939,5.499999999999925,5.1599999999999255,4.539999999999939,2.8199999999999723,2.9099999999999726,2.9099999999999726,2.769999999999972,4.109999999999939,5.129999999999924,88.9145772011922,88.91343831179691,98.2038244510877,95.17795739637324,95.26241530023036,98.94978925472553,99.7929657992388,92.40722745499211
88,30.63722166,-4.49224932,-10.28206043,42.99710896,-30.95922431,34.43967248,38.90852555,42.02690711,-15.04529005,-38.21127941,41.66519561,-8.83995414,14.82541337,29.47707355,18.99077958,23.97744459,1.74534526,1.62325597,1.8063514,1.71688768,1.55958227,0.58238735,97.05956104,88.89465839,5.579999999999924,5.009999999999936,3.2999999999999723,3.2999999999999723,3.2999999999999723,3.2999999999999723,5.009999999999936,5.579999999999924,5.239999999999924,4.669999999999936,2.7899999999999725,2.919999999999973,2.899999999999973,2.7699999999999725,4.169999999999936,5.199999999999923,88.91457924294272,88.91373683734284,98.67554664548285,94.77607445099167,95.41809345689158,98.95073261275054,99.85644213669448,92.9970655737323
89,29.08099055,-6.99102468,-13.24047136,42.93504072,-29.18456021,32.76501412,36.73457968,44.15450288,-14.95308515,-37.73720654,41.19088988,-10.24380915,14.99003839,27.57409567,10.34008655,23.39719485,1.74534526,1.62325597,1.8063514,1.71688768,1.55958227,0.58238735,97.05956104,88.89465839,5.569999999999924,5.129999999999933,3.2999999999999723,3.2999999999999723,3.2999999999999723,3.2999999999999723,5.129999999999933,5.569999999999924,5.229999999999924,4.789999999999933,2.7699999999999725,2.929999999999973,2.899999999999973,2.8099999999999725,4.249999999999933,5.179999999999923,88.91234595083064,88.91333254790719,98.84677325029185,93.82034793038191,95.75085095999616,98.4344544252282,99.88815902923996,93.34052787947257
90,27.52482988,-9.48979213,-16.19882904,42.87297708,-27.40989611,31.09035638,35.03747341,34.87210779,-14.86088442,-37.26313517,40.71659269,-11.64756005,15.15466342,25.6711185,3.5868616,31.64595083,1.74534526,1.62325597,1.8063514,1.71688768,1.55958227,0.58238735,97.05956104,88.89465839,5.409999999999927,5.229999999999931,3.2999999999999723,3.2999999999999723,3.2999999999999723,3.2999999999999723,5.229999999999931,5.409999999999927,5.0699999999999275,4.8799999999999315,2.7699999999999725,2.9399999999999724,2.8899999999999726,2.8399999999999723,4.329999999999933,5.0299999999999265,88.914421349305,88.91238190574661,98.8926626099813,93.0048586004158,96.12736457361821,97.65414911314068,99.89555417625961,93.13674332199749
91,25.96874972,-11.98854766,-19.15711789,42.81091863,-25.63523201,29.41569934,46.75645524,31.03969718,-14.76868846,-36.78906606,40.24230654,-13.05119357,15.31928844,23.76814213,5.51977193,35.05160419,1.74534526,1.62325597,1.8063514,1.71688768,1.55958227,0.58238735,97.05956104,88.89465839,5.329999999999929,4.999999999999936,3.2999999999999723,3.2999999999999723,3.2999999999999723,3.2999999999999723,4.999999999999936,5.329999999999929,4.989999999999929,4.659999999999936,2.7899999999999725,2.9499999999999718,2.8999999999999724,2.8699999999999735,4.199999999999936,4.939999999999929,88.91319068326484,88.9144376708573,98.58463273556055,92.39067680183614,95.67215727606299,96.79175685780315,99.82652307005529,93.95634875137432
92,24.41276215,-14.48728396,-22.11531562,42.74886605,-23.86056792,27.74104312,49.14965401,38.5476381,-14.67649799,-36.31500061,39.76803499,-14.45469408,15.48391346,21.86516669,5.91450235,28.94132584,1.74534526,1.62325597,1.8063514,1.71688768,1.55958227,0.58238735,97.05956104,88.89465839,5.439999999999927,4.9299999999999375,3.2999999999999723,3.2999999999999723,3.2999999999999723,3.2999999999999723,4.9299999999999375,5.439999999999927,5.099999999999927,4.589999999999938,2.8099999999999725,2.949999999999972,2.8999999999999724,2.889999999999973,4.159999999999938,5.029999999999926,88.91469286170457,88.91593865943149,98.37449349640882,92.0377409826587,95.77840041612214,95.95108421899255,99.79700023633859,95.1375627462306
93,22.85688181,-16.98598626,-25.07338917,42.68682018,-22.08590382,26.06638785,38.14389838,30.08444517,-14.58431387,-35.8409416,39.29378336,-15.85804306,15.64853848,19.96219233,-0.51507967,23.30484736,1.74534526,1.62325597,1.8063514,1.71688768,1.55958227,0.58238735,97.05956104,88.89465839,5.639999999999922,5.1199999999999335,3.2999999999999723,3.2999999999999723,3.2999999999999723,3.2999999999999723,5.1199999999999335,5.639999999999922,5.2999999999999226,4.779999999999934,2.809999999999972,2.949999999999972,2.879999999999972,2.9099999999999726,4.279999999999934,5.219999999999922,88.91466065332068,88.92460117900167,98.36942999071077,91.94612436910685,96.39790264040323,95.30761984772185,99.86274268273921,95.57729138380215
94,21.30112656,-19.48461964,-28.03128731,42.62478199,-20.31123974,24.3917337,27.13814275,21.62125225,-14.49213716,-35.36689566,38.81955984,-17.26121838,15.81316351,18.05921924,-6.94466169,17.66836888,1.74534526,1.62325597,1.8063514,1.71688768,1.55958227,0.58238735,97.05956104,88.89465839,5.839999999999918,5.349999999999929,3.2999999999999723,3.2999999999999723,3.2999999999999723,3.2999999999999723,5.349999999999929,5.839999999999918,5.499999999999918,5.009999999999928,2.8099999999999725,2.949999999999972,2.859999999999973,2.9099999999999726,4.429999999999929,5.419999999999917,88.91366750366801,88.97215243275795,98.39186773923807,92.2234368220284,97.30375769356652,95.08507308309059,99.90405612003703,95.50379054651017
95,19.7455185,-21.9830779,-30.9889262,42.56275265,-18.53657565,22.71708088,16.13238712,13.15805933,-14.39996918,-34.89288295,38.34537789,-18.66419341,15.97778853,16.15624766,-13.37424372,12.0318904,1.74534526,1.62325597,1.8063514,1.71688768,1.55958227,0.58238735,97.05956104,88.89465839,5.999999999999915,5.609999999999923,3.2999999999999723,3.2999999999999723,3.2999999999999723,3.2999999999999723,5.609999999999923,5.999999999999915,5.659999999999915,5.269999999999922,2.8199999999999728,2.939999999999972,2.8299999999999725,2.9099999999999726,4.619999999999924,5.579999999999915,88.91424527899741,89.06776091516171,98.18180798238035,92.90016930487374,97.96817271548484,95.19387129084171,99.92514721857914,95.74041916706989
96,18.19008521,-24.48083337,-33.9461587,42.5007336,-16.76191157,21.04242965,5.12663149,4.69486641,-14.30781154,-34.41900358,37.87126109,-20.06693577,16.14241355,14.25327789,-19.80382574,6.39541192,1.74534526,1.62325597,1.8063514,1.71688768,1.55958227,0.58238735,97.05956104,88.89465839,6.089999999999913,5.909999999999917,3.2999999999999723,3.2999999999999723,3.2999999999999723,3.2999999999999723,5.909999999999917,6.089999999999913,5.749999999999913,5.569999999999916,2.8399999999999728,2.929999999999972,2.8199999999999728,2.899999999999973,4.929999999999917,5.609999999999912,88.9154766859746,89.14017226914615,97.70522218324972,93.78224104554178,98.23730962711552,95.71106061081763,99.92109378026339,97.82945294605128
97,16.63486162,-25.33961482,-36.90270106,42.43872659,-14.9872475,19.36778035,-5.87912414,-3.76832652,-14.21566634,-34.25607377,37.39725495,-21.46940574,16.30703857,12.3503103,-26.23340777,0.75893344,1.74534526,1.62325597,1.8063514,1.71688768,1.55958227,0.58238735,97.05956104,88.89465839,6.069999999999913,6.309999999999908,3.2999999999999723,3.2999999999999723,3.2999999999999723,3.2999999999999723,6.309999999999908,6.069999999999913,5.7299999999999125,5.969999999999907,2.8699999999999726,2.9199999999999724,2.8099999999999725,2.8799999999999732,5.399999999999908,5.519999999999913,89.0040608024857,89.18075040019042,96.88083341769531,94.4956812798167,98.27608414994565,96.34235882367467,99.89036015845178,98.7997436161589
98,15.07989264,-23.02067125,-39.857928,42.37673381,-13.21258343,17.6931334,-16.88487977,-9.23358191,-14.12353621,-34.73890587,36.92345969,-22.87155402,16.47166359,10.4473454,-32.66298979,-2.88092148,1.74534526,1.62325597,1.8063514,1.71688768,1.55958227,0.58238735,97.05956104,88.89465839,6.019999999999914,6.8999999999998956,3.2999999999999723,3.2999999999999723,3.2999999999999723,3.2999999999999723,6.8999999999998956,6.019999999999914,5.659999999999914,6.549999999999895,2.889999999999973,2.919999999999973,2.8099999999999725,2.8699999999999726,5.979999999999896,5.449999999999914,91.14878267745362,89.8820523038558,95.90915426479837,94.7119108503674,98.34952765317382,97.02422868718128,99.8921110162325,98.99146795163927
99,13.52523692,-20.70175172,-42.81014962,42.31475798,-11.43791937,16.0184894,-27.8906354,1.82993619,-14.03142465,-35.22173296,36.45014626,-24.27331871,16.63628861,8.54438384,-39.09257182,-9.96900693,1.74534526,1.62325597,1.8063514,1.71688768,1.55958227,0.58238735,97.05956104,88.89465839,6.589999999999902,6.829999999999897,3.2999999999999723,3.2999999999999723,3.2999999999999723,3.2999999999999723,6.829999999999897,6.589999999999902,6.229999999999901,6.429999999999896,2.9099999999999726,2.9299999999999726,2.809999999999972,2.8499999999999726,5.819999999999897,5.979999999999902,91.63431353909746,94.09941123835758,94.82912588610553,94.15385252794601,98.4138794097251,97.60010571675595,99.92308868120963,99.26926773821025
